Order_Date,Region,Product,Category,Customer_ID,Quantity,Revenue,Cost,Profit,Inventory_Level
2025-01-02,North,Laptop Pro,Electronics,CUST-9515,15,18000,12000,6000,86
2025-01-03,East,Laptop Pro,Electronics,CUST-6484,7,8400,5600,2800,83
2025-01-04,North,Laptop Pro,Electronics,CUST-7202,16,19200,12800,6400,48
2025-01-04,East,Ergonomic Chair,Furniture,CUST-8233,9,3150,1980,1170,75
2025-01-15,South,Laptop Pro,Electronics,CUST-9652,13,15600,10400,5200,84
2025-01-17,South,Laptop Pro,Electronics,CUST-1763,4,4800,3200,1600,76
2025-01-18,North,USB-C Hub,Accessories,CUST-5671,4,180,80,100,38
2025-01-19,South,Ergonomic Chair,Furniture,CUST-4287,8,2800,1760,1040,68
2025-01-26,North,Ergonomic Chair,Furniture,CUST-7802,17,5950,3740,2210,80
2025-01-28,North,Ergonomic Chair,Furniture,CUST-9878,12,4200,2640,1560,52
2025-02-02,South,USB-C Hub,Accessories,CUST-6530,14,630,280,350,45
2025-02-09,East,Ergonomic Chair,Furniture,CUST-5538,17,5950,3740,2210,38
2025-02-13,North,Wireless Headphones,Electronics,CUST-4574,19,2850,1710,1140,58
2025-02-16,North,Laptop Pro,Electronics,CUST-5421,19,22800,15200,7600,44
2025-02-17,North,Wireless Headphones,Electronics,CUST-6189,12,1800,1080,720,50
2025-02-17,North,Ergonomic Chair,Furniture,CUST-2795,19,6650,4180,2470,38
2025-02-21,East,USB-C Hub,Accessories,CUST-4365,5,225,100,125,80
2025-02-26,South,Wireless Headphones,Electronics,CUST-6088,6,900,540,360,38
2025-02-27,East,USB-C Hub,Accessories,CUST-1454,6,270,120,150,68
2025-03-02,South,Laptop Pro,Electronics,CUST-7566,8,9600,6400,3200,44
2025-03-06,West,Laptop Pro,Electronics,CUST-7359,11,13200,8800,4400,56
2025-03-09,South,Laptop Pro,Electronics,CUST-1604,6,7200,4800,2400,54
2025-03-10,West,USB-C Hub,Accessories,CUST-2132,11,495,220,275,88
2025-03-12,East,Ergonomic Chair,Furniture,CUST-9142,19,6650,4180,2470,83
2025-03-15,South,Ergonomic Chair,Furniture,CUST-3191,19,6650,4180,2470,81
2025-03-18,East,USB-C Hub,Accessories,CUST-7895,7,315,140,175,56
2025-03-25,North,Wireless Headphones,Electronics,CUST-2639,10,1500,900,600,70
2025-03-26,South,Wireless Headphones,Electronics,CUST-6009,16,2400,1440,960,57
2025-03-28,West,Wireless Headphones,Electronics,CUST-9522,18,2700,1620,1080,35
2025-03-29,South,USB-C Hub,Accessories,CUST-8207,17,765,340,425,64
2025-04-07,West,Wireless Headphones,Electronics,CUST-9325,12,1800,1080,720,52
2025-04-07,South,Wireless Headphones,Electronics,CUST-9801,9,1350,810,540,64
2025-04-09,North,Laptop Pro,Electronics,CUST-4358,19,22800,15200,7600,65
2025-04-10,South,USB-C Hub,Accessories,CUST-8568,9,405,180,225,69
2025-04-10,West,Wireless Headphones,Electronics,CUST-9206,3,450,270,180,67
2025-04-14,South,Wireless Headphones,Electronics,CUST-8087,17,2550,1530,1020,76
2025-04-17,South,Ergonomic Chair,Furniture,CUST-4078,7,2450,1540,910,61
2025-04-17,South,Wireless Headphones,Electronics,CUST-7086,3,450,270,180,86
2025-04-20,East,Laptop Pro,Electronics,CUST-2128,16,19200,12800,6400,65
2025-04-22,South,Laptop Pro,Electronics,CUST-5610,17,20400,13600,6800,81
2025-04-24,North,USB-C Hub,Accessories,CUST-3425,3,135,60,75,65
2025-04-27,South,Wireless Headphones,Electronics,CUST-5976,13,1950,1170,780,62
2025-04-29,West,Wireless Headphones,Electronics,CUST-3747,9,1350,810,540,67
2025-05-04,West,Wireless Headphones,Electronics,CUST-5344,4,600,360,240,51
2025-05-07,South,USB-C Hub,Accessories,CUST-3341,19,855,380,475,71
2025-05-10,South,Wireless Headphones,Electronics,CUST-8454,8,1200,720,480,84
2025-05-14,South,Laptop Pro,Electronics,CUST-9281,4,4800,3200,1600,56
2025-05-16,East,Laptop Pro,Electronics,CUST-5904,17,20400,13600,6800,78
2025-05-20,North,USB-C Hub,Accessories,CUST-8391,3,135,60,75,67
2025-05-21,South,Laptop Pro,Electronics,CUST-7085,6,7200,4800,2400,72
2025-05-27,South,Ergonomic Chair,Furniture,CUST-3778,10,3500,2200,1300,54
2025-05-30,East,Wireless Headphones,Electronics,CUST-4273,17,2550,1530,1020,37
2025-06-04,North,Wireless Headphones,Electronics,CUST-3557,11,1650,990,660,83
2025-06-08,South,USB-C Hub,Accessories,CUST-1922,12,540,240,300,62
2025-06-18,East,USB-C Hub,Accessories,CUST-5201,18,810,360,450,42
2025-06-26,East,Laptop Pro,Electronics,CUST-9986,17,20400,13600,6800,74
2025-06-30,West,USB-C Hub,Accessories,CUST-3174,11,495,220,275,61
2025-06-30,North,Ergonomic Chair,Furniture,CUST-3871,6,2100,1320,780,74
2025-07-03,North,Laptop Pro,Electronics,CUST-6325,10,12000,8000,4000,41
2025-07-06,North,Ergonomic Chair,Furniture,CUST-8887,13,4550,2860,1690,59
2025-07-13,South,Laptop Pro,Electronics,CUST-9626,5,6000,4000,2000,6
2025-07-18,East,Wireless Headphones,Electronics,CUST-8095,11,1650,990,660,35
2025-07-25,West,Laptop Pro,Electronics,CUST-3578,18,21600,14400,7200,55
2025-07-28,South,Laptop Pro,Electronics,CUST-3201,2,2400,1600,800,4
2025-07-28,South,USB-C Hub,Accessories,CUST-8239,13,585,260,325,42
2025-08-02,South,Laptop Pro,Electronics,CUST-7318,4,4800,3200,1600,7
2025-08-03,East,USB-C Hub,Accessories,CUST-7262,6,270,120,150,55
2025-08-11,North,Wireless Headphones,Electronics,CUST-6410,15,2250,1350,900,77
2025-08-13,North,Laptop Pro,Electronics,CUST-4881,18,21600,14400,7200,77
2025-08-14,North,Laptop Pro,Electronics,CUST-7948,10,12000,8000,4000,74
2025-08-19,North,Wireless Headphones,Electronics,CUST-8310,4,600,360,240,56
2025-08-22,South,Wireless Headphones,Electronics,CUST-8958,3,450,270,180,81
2025-09-01,North,Laptop Pro,Electronics,CUST-8894,18,21600,14400,7200,61
2025-09-02,West,Wireless Headphones,Electronics,CUST-3495,16,2400,1440,960,71
2025-09-11,North,USB-C Hub,Accessories,CUST-5501,5,225,100,125,61
2025-09-11,South,Laptop Pro,Electronics,CUST-7703,2,2400,1600,800,2
2025-09-13,North,USB-C Hub,Accessories,CUST-3533,3,135,60,75,55
2025-09-14,North,Wireless Headphones,Electronics,CUST-3080,11,1650,990,660,51
2025-09-17,East,Ergonomic Chair,Furniture,CUST-7884,7,2450,1540,910,67
2025-09-20,South,Laptop Pro,Electronics,CUST-4943,5,6000,4000,2000,7
2025-09-23,East,Wireless Headphones,Electronics,CUST-9479,6,900,540,360,65
2025-09-26,South,Laptop Pro,Electronics,CUST-9226,4,4800,3200,1600,7
2025-09-28,North,USB-C Hub,Accessories,CUST-3397,12,540,240,300,39
2025-09-29,West,Ergonomic Chair,Furniture,CUST-1389,10,3500,2200,1300,86
2025-09-29,West,Wireless Headphones,Electronics,CUST-2507,6,900,540,360,75
2025-10-06,West,USB-C Hub,Accessories,CUST-6046,10,450,200,250,52
2025-10-18,South,Ergonomic Chair,Furniture,CUST-8918,7,2450,1540,910,81
2025-10-22,North,Wireless Headphones,Electronics,CUST-6651,17,2550,1530,1020,59
2025-10-24,West,Wireless Headphones,Electronics,CUST-7775,18,2700,1620,1080,83
2025-10-29,South,Ergonomic Chair,Furniture,CUST-9869,3,1050,660,390,53
2025-10-31,North,Ergonomic Chair,Furniture,CUST-6641,10,3500,2200,1300,39
2025-11-01,South,Wireless Headphones,Electronics,CUST-7040,11,1650,990,660,82
2025-11-02,North,USB-C Hub,Accessories,CUST-6805,9,405,180,225,85
2025-11-02,South,Laptop Pro,Electronics,CUST-3480,5,6000,4000,2000,5
2025-11-08,East,USB-C Hub,Accessories,CUST-8452,8,360,160,200,40
2025-11-09,East,Laptop Pro,Electronics,CUST-1496,12,14400,9600,4800,80
2025-11-11,North,USB-C Hub,Accessories,CUST-5461,17,765,340,425,85
2025-11-12,North,Wireless Headphones,Electronics,CUST-4313,19,2850,1710,1140,42
2025-11-18,West,Wireless Headphones,Electronics,CUST-9555,11,1650,990,660,68
2025-11-19,South,Ergonomic Chair,Furniture,CUST-7631,19,6650,4180,2470,57
2025-11-19,East,Laptop Pro,Electronics,CUST-3402,17,20400,13600,6800,63
2025-11-21,South,Laptop Pro,Electronics,CUST-3329,4,4800,3200,1600,3
2025-11-22,West,USB-C Hub,Accessories,CUST-1022,18,810,360,450,89
2025-11-27,South,Ergonomic Chair,Furniture,CUST-1505,10,3500,2200,1300,42
2025-11-28,West,Ergonomic Chair,Furniture,CUST-5973,16,5600,3520,2080,36
2025-12-01,South,USB-C Hub,Accessories,CUST-7386,6,270,120,150,43
2025-12-06,West,USB-C Hub,Accessories,CUST-3074,17,765,340,425,83
2025-12-07,West,Wireless Headphones,Electronics,CUST-8182,14,2100,1260,840,41
2025-12-09,South,Wireless Headphones,Electronics,CUST-3159,11,1650,990,660,79
2025-12-15,East,USB-C Hub,Accessories,CUST-1461,16,720,320,400,72
2025-12-16,North,USB-C Hub,Accessories,CUST-8666,10,450,200,250,79
2025-12-17,North,Laptop Pro,Electronics,CUST-5203,4,4800,3200,1600,76
2025-12-20,West,USB-C Hub,Accessories,CUST-8243,19,855,380,475,77
2025-12-21,North,Wireless Headphones,Electronics,CUST-5799,12,1800,1080,720,75
2025-12-22,North,USB-C Hub,Accessories,CUST-2470,8,360,160,200,77
2025-12-24,East,USB-C Hub,Accessories,CUST-2944,3,135,60,75,35
2025-12-25,South,Laptop Pro,Electronics,CUST-7570,1,1200,800,400,5
2025-12-26,East,Wireless Headphones,Electronics,CUST-7244,11,1650,990,660,67
2025-12-27,South,Laptop Pro,Electronics,CUST-4767,5,6000,4000,2000,2
2025-12-28,North,Ergonomic Chair,Furniture,CUST-6359,13,4550,2860,1690,66
